Date,Clicks,Impressions,CTR,Position
2026-04-19,3,4,75%,1
2026-04-20,0,0,,
2026-04-21,0,0,,
2026-04-22,0,5,0%,10.2
2026-04-23,0,9,0%,10.2
2026-04-24,0,22,0%,12.2
2026-04-25,1,15,6.67%,11.2
2026-04-26,1,13,7.69%,10.1
2026-04-27,1,24,4.17%,9.5
2026-04-28,1,10,10%,8.3
2026-04-29,0,15,0%,8.6
2026-04-30,0,12,0%,9.8
2026-05-01,0,5,0%,5.2
2026-05-02,0,11,0%,10.2
2026-05-03,0,24,0%,7.2
2026-05-04,0,25,0%,7.1
2026-05-05,0,27,0%,6.6
2026-05-06,0,22,0%,8.4
2026-05-07,1,18,5.56%,6.5
2026-05-08,0,18,0%,7.4
2026-05-09,0,19,0%,7.8
2026-05-10,0,27,0%,7.7
2026-05-11,0,41,0%,9.2
2026-05-12,1,39,2.56%,8.9
2026-05-13,0,32,0%,8.6
2026-05-14,0,46,0%,8.3
2026-05-15,0,30,0%,9.6
2026-05-16,0,43,0%,7.1
2026-05-17,1,69,1.45%,7.9
2026-05-18,1,29,3.45%,10.6
2026-05-19,0,25,0%,9.7
2026-05-20,0,28,0%,13.6
2026-05-21,0,20,0%,7.5
2026-05-22,0,28,0%,11.2
2026-05-23,1,44,2.27%,14.3
2026-05-24,0,60,0%,19.5
2026-05-25,1,57,1.75%,13
2026-05-26,0,39,0%,21.6
2026-05-27,0,34,0%,18.1
2026-05-28,2,30,6.67%,13.6
2026-05-29,1,79,1.27%,13.1
2026-05-30,1,106,0.94%,8.9
2026-05-31,0,121,0%,10.6
2026-06-01,2,60,3.33%,13.4
2026-06-02,0,39,0%,11.5
2026-06-03,2,49,4.08%,11.9
2026-06-04,1,49,2.04%,12.3
2026-06-05,0,47,0%,12.8
2026-06-06,1,48,2.08%,10.4
2026-06-07,2,38,5.26%,9.5
2026-06-08,0,39,0%,9.4
2026-06-09,0,32,0%,9.4