Country,Clicks,Impressions,CTR,Position
United States,10,1105,0.9%,11.28
United Arab Emirates,6,11,54.55%,6.91
Canada,2,96,2.08%,8.47
United Kingdom,1,66,1.52%,11.24
India,1,25,4%,12.76
Netherlands,1,17,5.88%,8.06
Spain,1,11,9.09%,6
Czechia,1,7,14.29%,8.86
South Korea,1,6,16.67%,10
Ireland,1,6,16.67%,11.67
Australia,0,58,0%,11.12
Germany,0,43,0%,7.63
Brazil,0,17,0%,7.59
Indonesia,0,13,0%,8.23
Singapore,0,13,0%,8.38
Philippines,0,13,0%,13.08
Japan,0,12,0%,7.42
France,0,11,0%,6.64
Mexico,0,9,0%,10.89
Malaysia,0,8,0%,6.88
South Africa,0,8,0%,13.25
Pakistan,0,8,0%,13.38
Switzerland,0,7,0%,6
New Zealand,0,7,0%,8.86
Italy,0,7,0%,9.14
Sweden,0,7,0%,9.14
Poland,0,7,0%,10
China,0,7,0%,21.43
Denmark,0,6,0%,15.33
Belgium,0,5,0%,5.8
Ecuador,0,5,0%,6.4
Argentina,0,5,0%,11
Trinidad & Tobago,0,4,0%,6.5
Chile,0,4,0%,6.75
Finland,0,4,0%,7.75
Austria,0,4,0%,8.25
Russia,0,4,0%,8.5
Thailand,0,4,0%,10
Slovenia,0,4,0%,28.5
Norway,0,3,0%,7
Brunei,0,3,0%,9.33
Peru,0,3,0%,9.33
Portugal,0,3,0%,10
Ukraine,0,3,0%,15.67
Nigeria,0,3,0%,18.33
Vietnam,0,3,0%,18.67
Morocco,0,3,0%,23.67
Bangladesh,0,3,0%,34.67
Turkey,0,2,0%,6
Hong Kong,0,2,0%,7.5
Saudi Arabia,0,2,0%,8
Jordan,0,2,0%,9
Puerto Rico,0,2,0%,9
Croatia,0,2,0%,9.5
Hungary,0,2,0%,9.5
Lithuania,0,2,0%,13.5
Paraguay,0,2,0%,25.5
Israel,0,2,0%,26.5
Kuwait,0,2,0%,30.5
Barbados,0,1,0%,2
Côte d’Ivoire,0,1,0%,2
Georgia,0,1,0%,4
Maldives,0,1,0%,5
Iran,0,1,0%,6
Algeria,0,1,0%,7
Egypt,0,1,0%,7
Azerbaijan,0,1,0%,8
Bolivia,0,1,0%,8
Greece,0,1,0%,8
Zimbabwe,0,1,0%,8
Ghana,0,1,0%,9
Iceland,0,1,0%,9
Latvia,0,1,0%,9
Qatar,0,1,0%,9
Costa Rica,0,1,0%,10
Serbia,0,1,0%,11
Dominican Republic,0,1,0%,15
Colombia,0,1,0%,18
Iraq,0,1,0%,25
Lebanon,0,1,0%,47
Venezuela,0,1,0%,49
Malta,0,1,0%,52