Top pages,Clicks,Impressions,CTR,Position
https://plantsmag.com/,5,16,31.25%,3.5
https://plantsmag.com/keiki-paste-magic-forcing-growth-on-stubborn-monstera-nodes/,3,125,2.4%,8.64
https://plantsmag.com/the-7-best-self-watering-pots-for-aroids-in-2026-tested-reviewed/,3,93,3.23%,8.58
https://plantsmag.com/the-monstera-deliciosa-support-guide-moss-pole-vs-coir-pole-vs-trellis/,3,19,15.79%,10.32
https://plantsmag.com/plant-disease-finder/,2,20,10%,5.2
https://plantsmag.com/spider-mite-webbing-the-early-telltale-signs-on-palms-and-calatheas/,1,94,1.06%,10.12
https://plantsmag.com/tissue-culture-monstera-how-the-rare-plant-market-crashed-and-what-it-means-for-you/,1,91,1.1%,8.46
https://plantsmag.com/ficus-audrey-vs-fiddle-leaf-fig/,1,81,1.23%,9.37
https://plantsmag.com/reverse-osmosis-systems-are-they-worth-the-investment-for-houseplants/,1,81,1.23%,9.42
https://plantsmag.com/grow-tents-vs-ikea-greenhouse-cabinets-the-ultimate-showdown/,1,31,3.23%,9.29
https://plantsmag.com/understanding-variegated-syngoniums-why-milk-confettis-turn-white-and-melt/,1,14,7.14%,7.29
https://plantsmag.com/the-peat-moss-problem-why-your-soil-becomes-brick-hard-after-6-months/,1,9,11.11%,8.22
https://plantsmag.com/the-scindapsus-curling-mystery-why-your-silver-satin-pothos-hates-you/,1,8,12.5%,9.75
https://plantsmag.com/the-fiddle-leaf-fig-pinching-trick-forcing-it-to-branch/,1,7,14.29%,9.43
https://plantsmag.com/the-hydrogen-peroxide-root-bath-rescuing-rotting-monsteras-instantly/,0,131,0%,8.7
https://plantsmag.com/hydrogen-peroxide-vs-neem-oil-the-ultimate-pest-control-showdown/,0,119,0%,6.55
https://plantsmag.com/water-chemistry-for-rare-plants-why-ro-reverse-osmosis-water-is-mandatory-for-calatheas/,0,73,0%,7.44
https://plantsmag.com/biological-pest-warfare-why-us-plant-owners-are-replacing-neem-oil-with-predatory-mites/,0,62,0%,20.15
https://plantsmag.com/alocasia-spider-mite-resistance-why-wiping-leaves-isnt-enough/,0,45,0%,7.73
https://plantsmag.com/the-myth-of-the-drainage-layer-why-gravel-at-the-bottom-of-a-pot-is-fatal/,0,45,0%,9.16
https://plantsmag.com/variegation-reversion-how-to-rescue-a-monstera-albo-turning-solid-green/,0,36,0%,9.67
https://plantsmag.com/peace-lily-spathiphyllum-expert-bloom-care/,0,35,0%,64.86
https://plantsmag.com/bottom-watering-vs-top-watering-the-ultimate-soil-saturation-test/,0,34,0%,6.97
https://plantsmag.com/philodendron-birkin-care-striking-variegation/,0,26,0%,7.19
https://plantsmag.com/monstera-deliciosa-large-form-vs-small-form-identifying-true-giants/,0,26,0%,9.54
https://plantsmag.com/the-myth-of-coffee-grounds-why-you-shouldnt-put-espresso-in-your-pot/,0,24,0%,9.04
https://plantsmag.com/variegated-monstera-thai-constellation-vs-albo-the-definitive-genetics-breakdown/,0,24,0%,9.38
https://plantsmag.com/the-terracotta-watering-spike-myth-do-they-actually-work/,0,23,0%,5.61
https://plantsmag.com/fiddle-leaf-fig-brown-spots-causes-treatment-2/,0,23,0%,43.48
https://plantsmag.com/the-truth-about-variegated-zz-plants-chameleon-akebono-and-the-high-end-market/,0,20,0%,7.9
https://plantsmag.com/the-hydroponic-nutrient-burn-why-your-alocasias-are-dropping-leaves/,0,19,0%,6.58
https://plantsmag.com/alocasia-corm-harvesting-finding-hidden-babies-in-the-dirt/,0,18,0%,9.5
https://plantsmag.com/terra-cotta-vs-plastic-pots-how-your-pot-choice-dictates-your-watering-schedule/,0,15,0%,5.47
https://plantsmag.com/carnivorous-bog-gardens-creating-a-mini-swamp-in-your-living-room/,0,12,0%,10.42
https://plantsmag.com/the-mealybug-root-crisis-the-hidden-pest-destroying-your-succulents/,0,11,0%,8.09
https://plantsmag.com/variegated-monstera-tissue-culture-the-future-of-lab-grown-albo/,0,11,0%,8.82
https://plantsmag.com/the-secret-to-massive-pothos-leaves-the-moss-pole-effect/,0,11,0%,14.82
https://plantsmag.com/humidity-tents-why-the-plastic-bag-trick-works-so-well/,0,10,0%,7
https://plantsmag.com/hydrogen-peroxide-flushes-the-last-resort-to-save-root-rotted-plants/,0,10,0%,9.1
https://plantsmag.com/the-great-perlite-breakdown-when-soil-gets-too-old-to-filter/,0,9,0%,6
https://plantsmag.com/the-ficus-tineke-rubber-tree-why-pink-variegation-is-so-hard-to-maintain/,0,9,0%,7.56
https://plantsmag.com/the-myth-of-misting-why-spraying-your-plants-does-more-harm-than-good/,0,9,0%,8.56
https://plantsmag.com/jade-plant-crassula-ovata-expert-care/,0,9,0%,12.11
https://plantsmag.com/the-great-sphagnum-moss-shortage-finding-sustainable-alternatives/,0,8,0%,8
https://plantsmag.com/the-pon-epidemic-why-everyone-is-ditching-leca-for-lechuza-pon/,0,8,0%,9.62
https://plantsmag.com/cast-iron-plant-aspidistra-indestructible-shade-lover/,0,7,0%,7.14
https://plantsmag.com/water-root-vs-soil-root-why-water-propagations-fail-in-soil/,0,7,0%,8.57
https://plantsmag.com/air-plants-tillandsia-growing-soil-free-guide/,0,7,0%,54.86
https://plantsmag.com/the-ultimate-guide-to-plant-node-propagation-air-layering/,0,6,0%,8.17
https://plantsmag.com/the-great-peperomia-die-off-why-they-melt-overnight/,0,6,0%,8.5
https://plantsmag.com/best-orchid-pots-2024/,0,6,0%,34.67
https://plantsmag.com/the-ultimate-guide-to-plant-lighting-dli-daily-light-integral-vs-lux-for-indoor-jungles/,0,5,0%,7
https://plantsmag.com/reverting-variegation-in-philodendrons-when-to-prune-and-when-to-wait/,0,5,0%,9.6
https://plantsmag.com/the-great-perlite-float-why-pumice-is-replacing-perlite-in-premium-substrates/,0,5,0%,15.2
https://plantsmag.com/product/sansevieria-golden-flame/,0,4,0%,3
https://plantsmag.com/peat-moss-is-cancelled-the-global-shift-to-coco-coir-and-sustainable-substrates/,0,4,0%,4.25
https://plantsmag.com/variegated-string-of-hearts-the-taco-test-and-sun-stressing-for-pink/,0,4,0%,8.5
https://plantsmag.com/terrarium-springtails-the-ultimate-clean-up-crew-for-closed-ecosystems/,0,4,0%,9.75
https://plantsmag.com/alocasia-elephant-ear-managing-the-jungle-giant/,0,4,0%,11
https://plantsmag.com/dieffenbachia-dumb-cane-toxic-beauty-care/,0,4,0%,13.75
https://plantsmag.com/the-variegated-plant-craze-understanding-genetic-mutations-and-reverting/,0,4,0%,16
https://plantsmag.com/creating-a-prop-box-using-ikea-samla-the-ultimate-humidity-hack/,0,3,0%,3.67
https://plantsmag.com/understanding-n-p-k-ratios-how-to-read-a-fertilizer-label-like-a-botanist/,0,3,0%,4.67
https://plantsmag.com/the-terracotta-problem-why-clay-pots-are-killing-your-tropical-aroids/,0,3,0%,6
https://plantsmag.com/rubber-plant-ficus-elastica-expert-care/,0,3,0%,8.33
https://plantsmag.com/the-great-fertilizer-flush-why-you-must-leach-your-potted-plants-every-month/,0,3,0%,10.33
https://plantsmag.com/acclimating-imported-orchids-the-sphagnum-bag-method-demystified/,0,3,0%,11
https://plantsmag.com/importing-plants-from-indonesia-phytosanitary-certificates-and-snuggling-scams/,0,3,0%,11.33
https://plantsmag.com/the-great-sphagnum-moss-shortage-finding-sustainable-alternatives-2/,0,2,0%,5
https://plantsmag.com/dust-suffocation-why-your-plants-cannot-breathe/,0,2,0%,5.5
https://plantsmag.com/fluid-dynamics-in-pots-the-science-of-the-perched-water-table/,0,2,0%,5.5
https://plantsmag.com/premium-moss-pole-systems-aroid-comparison/,0,2,0%,5.5
https://plantsmag.com/title-elevate-your-aroids-a-compr/,0,2,0%,6.5
https://plantsmag.com/grow-light-spectrums-why-purple-lights-are-ruining-your-aesthetic/,0,2,0%,7
https://plantsmag.com/the-hidden-dangers-of-humidifiers-mold-white-dust-and-proper-ventilation/,0,2,0%,7
https://plantsmag.com/hard-water-toxicity-the-hidden-killer-in-your-tap/,0,2,0%,7.5
https://plantsmag.com/fungus-gnats-vs-fruit-flies-how-to-tell-whats-infesting-your-soil/,0,2,0%,9
https://plantsmag.com/monstera-deliciosa-care-guide/,0,2,0%,9
https://plantsmag.com/the-coffee-ground-danger-why-adding-caffeine-to-soil-is-murdering-your-plants/,0,2,0%,10
https://plantsmag.com/grow-light-spectrums-demystified-blurple-vs-full-spectrum-white/,0,2,0%,11
https://plantsmag.com/hard-water-resistance-the-top-5-indestructible-houseplants-for-tap-water/,0,2,0%,11
https://plantsmag.com/the-bti-solution-total-annihilation-of-fungus-gnats-using-mosquito-dunks/,0,2,0%,11
https://plantsmag.com/about-us/,0,2,0%,57.5
https://plantsmag.com/json-slug/,0,1,0%,2
https://plantsmag.com/the-fall-of-the-fiddle-leaf-fig-why-ficus-audrey-is-the-new-it-plant/,0,1,0%,3
https://plantsmag.com/systemic-pesticides-vs-the-european-union-bans-how-to-protect-your-collection-legally/,0,1,0%,4
https://plantsmag.com/zebra-plant-aphelandra-expert-care/,0,1,0%,4
https://plantsmag.com/neem-oil-tragedies-how-the-miracle-cure-is-suffocating-your-plants/,0,1,0%,5
https://plantsmag.com/banish-fungus-gnats-forever-the-biological-control-revolution/,0,1,0%,7
https://plantsmag.com/ponytail-palm-beaucarnea-recurvata-exotic-care/,0,1,0%,8
https://plantsmag.com/string-of-pearls-succulent-cascade-care/,0,1,0%,8
https://plantsmag.com/stromanthe-triostar-dazzling-pink-prayer-plant-care/,0,1,0%,8
https://plantsmag.com/acclimating-tissue-culture-plants-from-agar-to-soil-without-melting/,0,1,0%,9
https://plantsmag.com/the-great-grow-light-distance-rule-how-to-stop-burning-your-rare-aroids/,0,1,0%,9
https://plantsmag.com/the-peace-lily-dramatic-droop-teaching-your-plant-to-tolerate-drought/,0,1,0%,10
https://plantsmag.com/pilea-peperomioides-chinese-money-plant-propagation/,0,1,0%,11
https://plantsmag.com/the-fungicide-resistance-crisis-why-copper-fungicides-are-failing/,0,1,0%,11
https://plantsmag.com/variegated-banana-trees-the-hardest-tropical-plant-to-keep-alive-indoors/,0,1,0%,11
https://plantsmag.com/humidity-domes-for-seedlings-preventing-damping-off-in-anthurium-breeding/,0,1,0%,12
https://plantsmag.com/parlor-palm-chamaedorea-elegans-victorian-care/,0,1,0%,13
https://plantsmag.com/the-macodes-petola-jewel-orchid-growing-lightning-bolts-in-glass/,0,1,0%,16
https://plantsmag.com/pothos-epipremnum-aureum-ultimate-care-guide/,0,1,0%,49
https://plantsmag.com/misting-houseplants-the-biological-truth-about-water-sprays/,0,1,0%,68