Top queries,Clicks,Impressions,CTR,Position
ficus audrey vs fiddle leaf fig,0,25,0%,9.68
predatory mites and neem oil together,0,12,0%,11.92
ikea grow tent,0,11,0%,9.09
reverse osmosis water for houseplants pros cons,0,8,0%,8.5
spathiphyllum peace lily care,0,7,0%,66
fiddle leaf fig brown spots treatment,0,5,0%,40.2
spathiphyllum,0,5,0%,51.6
does neem oil kill mites,0,4,0%,55.5
spathiphyllum problems,0,4,0%,73.5
reverse osmosis water calcium magnesium deficiency plants extension,0,3,0%,8.33
brown spots on fiddle leaf fig,0,3,0%,45
keiki paste monstera,0,2,0%,8
thai constellation monstera nuclear mutation vs chimeric,0,2,0%,8.5
fiddle leaf fig vs ficus audrey,0,2,0%,9.5
fiddle leaf fig brown spots,0,2,0%,36.5
neem oil for soil mites,0,2,0%,43.5
fiddle leaf fig tree brown spots,0,2,0%,48
spathiphyllum care,0,2,0%,54.5
peace lily plant information,0,2,0%,89.5
zz akebono,0,1,0%,4
"""monstera albo"" chimeric mutation",0,1,0%,6
audrey ficus indoor,0,1,0%,7
do pothos leaves grow bigger,0,1,0%,8
reverse osmosis water for plants pros cons,0,1,0%,10
alocasia corm baby plant,0,1,0%,11
akebono zz plant,0,1,0%,12
zamioculcas zamiifolia akebono,0,1,0%,14
why pothos leaves falling off on moss pole,0,1,0%,19
does perlite float,0,1,0%,20
alocasia,0,1,0%,21
do monsteras like self watering pots,0,1,0%,28
cat palm spider mites,0,1,0%,32
palm spider,0,1,0%,32
orchid pots,0,1,0%,38
fiddle leaf brown spots,0,1,0%,45
fiddle fig brown spots,0,1,0%,46
fiddle fig leaf brown spots,0,1,0%,47
fiddle leaf ficus brown spots,0,1,0%,50
spath plant care,0,1,0%,51
peace lily spathiphyllum,0,1,0%,52
best pots for orchids,0,1,0%,54
brown spots on fig leaf plant,0,1,0%,55
care for spathiphyllum,0,1,0%,55
plant spathiphyllum care,0,1,0%,62
spider mite webbing on plants,0,1,0%,62
tillandsia roots,0,1,0%,62
air plant soil,0,1,0%,63
peace lily spathiphyllum care,0,1,0%,63
fiddle leaf vs ficus,0,1,0%,64
plant bloggers,0,1,0%,64
misting houseplants,0,1,0%,68
spathiphyllum floribundum care,0,1,0%,68
neem oil for red mites,0,1,0%,69
tillandsia plant,0,1,0%,74
can neem oil kill mites,0,1,0%,75
spathiphyllum diseases,0,1,0%,78
peace lily info,0,1,0%,86
is reverse osmosis water good for plants,0,1,0%,87
does neem oil kill mites on humans,0,1,0%,88
peace lily plant facts,0,1,0%,89
peace lily facts,0,1,0%,94
do air plants need soil,0,1,0%,95
how to care for peace lily spathiphyllum,0,1,0%,98